{"cameraMode":{"drawMode":0,"name":"Shaded","section":"Shading Mode"},"sceneLighting":false,"audioPlay":false,"sceneViewState":{"showFog":true,"showMaterialUpdate":false,"showSkybox":false,"showFlares":true,"showImageEffects":true,"showParticleSystems":true},"in2DMode":false,"pivot":{"x":-0.1850450485944748,"y":-0.010493770241737366,"z":-0.0030280817300081255},"rotation":{"x":0.09363517165184021,"y":-0.7065009474754334,"z":0.09504340589046478,"w":0.6951195597648621},"size":0.4455002546310425,"orthographic":false}