{"cameraMode":{"drawMode":0,"name":"Shaded","section":"Shading Mode"},"sceneLighting":false,"audioPlay":false,"sceneViewState":{"showFog":true,"showMaterialUpdate":false,"showSkybox":false,"showFlares":true,"showImageEffects":true,"showParticleSystems":true},"in2DMode":false,"pivot":{"x":-159.2798309326172,"y":0.5514828562736511,"z":-2.041205644607544},"rotation":{"x":0.20875723659992219,"y":-0.013191482052206993,"z":0.002885952591896057,"w":0.9779449105262756},"size":0.47203686833381655,"orthographic":false}