{"cameraMode":{"drawMode":0,"name":"Shaded","section":"Shading Mode"},"sceneLighting":false,"audioPlay":false,"sceneViewState":{"showFog":true,"showMaterialUpdate":false,"showSkybox":false,"showFlares":true,"showImageEffects":true,"showParticleSystems":true},"in2DMode":false,"pivot":{"x":-159.85650634765626,"y":1.1390689611434937,"z":-2.4977080821990969},"rotation":{"x":0.25253918766975405,"y":-0.013038619421422482,"z":0.0035013738088309767,"w":0.9675695300102234},"size":0.5177773833274841,"orthographic":false}