{"cameraMode":{"drawMode":0,"name":"Shaded","section":"Shading Mode"},"sceneLighting":false,"audioPlay":false,"sceneViewState":{"showFog":true,"showMaterialUpdate":false,"showSkybox":false,"showFlares":true,"showImageEffects":true,"showParticleSystems":true},"in2DMode":false,"pivot":{"x":4.599999904632568,"y":1.4800000190734864,"z":6.46999979019165},"rotation":{"x":-0.16458682715892793,"y":0.5726209878921509,"z":-0.11865073442459107,"w":-0.7943455576896668},"size":2.8578836917877199,"orthographic":false}