{"cameraMode":{"drawMode":0,"name":"Shaded","section":"Shading Mode"},"sceneLighting":false,"audioPlay":false,"sceneViewState":{"showFog":true,"showMaterialUpdate":false,"showSkybox":false,"showFlares":true,"showImageEffects":true,"showParticleSystems":true},"in2DMode":false,"pivot":{"x":6.760653018951416,"y":0.6605467796325684,"z":6.368823051452637},"rotation":{"x":0.1252932995557785,"y":0.7142247557640076,"z":-0.1324131041765213,"w":0.6758504509925842},"size":2.8578836917877199,"orthographic":false}