{"cameraMode":{"drawMode":0,"name":"Shaded","section":"Shading Mode"},"sceneLighting":false,"audioPlay":false,"sceneViewState":{"showFog":true,"showMaterialUpdate":false,"showSkybox":false,"showFlares":true,"showImageEffects":true,"showParticleSystems":true},"in2DMode":false,"pivot":{"x":-159.8840789794922,"y":0.5874927639961243,"z":-1.811979055404663},"rotation":{"x":-0.14527297019958497,"y":0.016914943233132364,"z":-0.0024837772361934187,"w":-0.9892460703849793},"size":0.6460946798324585,"orthographic":false}