{"cameraMode":{"drawMode":0,"name":"Shaded","section":"Shading Mode"},"sceneLighting":false,"audioPlay":false,"sceneViewState":{"showFog":true,"showMaterialUpdate":false,"showSkybox":false,"showFlares":true,"showImageEffects":true,"showParticleSystems":true},"in2DMode":false,"pivot":{"x":-0.6552407145500183,"y":-5.230517387390137,"z":21.034198760986329},"rotation":{"x":-0.12149463593959809,"y":0.015481081791222096,"z":-0.0018948682118207217,"w":-0.9924731254577637},"size":22.0,"orthographic":false}